{"author":{"name":"Utkarsh Goel","title":"Full Stack Engineer @Elanine","url":"https://elanine.com","page":{"permalink":"/blog/authors/all-sebastien-lorber-articles"},"socials":{"x":"https://x.com/utkarshgoel10","linkedin":"https://www.linkedin.com/in/utkarshgoel10/","github":"https://github.com/utkarshgoel10"},"imageURL":"https://avatars.githubusercontent.com/u/66838142?v=4","key":"utkarsh","count":1},"listMetadata":{"permalink":"/blog/authors/all-sebastien-lorber-articles","page":1,"postsPerPage":10,"totalPages":1,"totalCount":1,"blogDescription":"Blog","blogTitle":"Blog"}}