{"archive":{"blogPosts":[{"id":"adding-blogs","metadata":{"permalink":"/blog/adding-blogs","source":"@site/blog/2019-05-28-first-blog-post.md","title":"First Blog","description":"How I set up blogs on my Docusaurus site.","date":"2023-09-23T00:00:00.000Z","tags":[{"inline":true,"label":"blog","permalink":"/blog/tags/blog"},{"inline":true,"label":"setup","permalink":"/blog/tags/setup"}],"readingTime":0.065,"hasTruncateMarker":false,"authors":[{"name":"Gamandeep Singh","title":"Developer & Blogger","url":"https://github.com/gamandeepsingh","image_url":"https://github.com/gamandeepsingh.png","imageURL":"https://github.com/gamandeepsingh.png","key":null,"page":null}],"frontMatter":{"title":"First Blog","description":"How I set up blogs on my Docusaurus site.","slug":"adding-blogs","date":"2023-09-23T00:00:00.000Z","authors":[{"name":"Gamandeep Singh","title":"Developer & Blogger","url":"https://github.com/gamandeepsingh","image_url":"https://github.com/gamandeepsingh.png","imageURL":"https://github.com/gamandeepsingh.png"}],"tags":["blog","setup"]},"unlisted":false,"nextItem":{"title":"Long Blog Post","permalink":"/blog/adding-blogs"}},"content":"Adding blogs to my Docusaurus site was easy! Here’s how I did it..."},{"id":"adding-blogs","metadata":{"permalink":"/blog/adding-blogs","source":"@site/blog/2019-05-29-long-blog-post.md","title":"Long Blog Post","description":"How I set up blogs on my Docusaurus site.","date":"2023-09-23T00:00:00.000Z","tags":[{"inline":true,"label":"blog","permalink":"/blog/tags/blog"},{"inline":true,"label":"setup","permalink":"/blog/tags/setup"}],"readingTime":0.065,"hasTruncateMarker":false,"authors":[{"name":"Gamandeep Singh","title":"Developer & Blogger","url":"https://github.com/gamandeepsingh","image_url":"https://github.com/gamandeepsingh.png","imageURL":"https://github.com/gamandeepsingh.png","key":null,"page":null}],"frontMatter":{"title":"Long Blog Post","description":"How I set up blogs on my Docusaurus site.","slug":"adding-blogs","date":"2023-09-23T00:00:00.000Z","authors":[{"name":"Gamandeep Singh","title":"Developer & Blogger","url":"https://github.com/gamandeepsingh","image_url":"https://github.com/gamandeepsingh.png","imageURL":"https://github.com/gamandeepsingh.png"}],"tags":["blog","setup"]},"unlisted":false,"prevItem":{"title":"First Blog","permalink":"/blog/adding-blogs"},"nextItem":{"title":"Mdx Blog","permalink":"/blog/adding-blogs"}},"content":"Adding blogs to my Docusaurus site was easy! Here’s how I did it..."},{"id":"adding-blogs","metadata":{"permalink":"/blog/adding-blogs","source":"@site/blog/2021-08-01-mdx-blog-post.mdx","title":"Mdx Blog","description":"How I set up blogs on my Docusaurus site.","date":"2023-09-23T00:00:00.000Z","tags":[{"inline":true,"label":"blog","permalink":"/blog/tags/blog"}],"readingTime":0.065,"hasTruncateMarker":false,"authors":[{"name":"Gamandeep Singh","title":"Developer & Blogger","url":"https://github.com/gamandeepsingh","image_url":"https://github.com/gamandeepsingh.png","imageURL":"https://github.com/gamandeepsingh.png","key":null,"page":null}],"frontMatter":{"title":"Mdx Blog","description":"How I set up blogs on my Docusaurus site.","slug":"adding-blogs","date":"2023-09-23T00:00:00.000Z","authors":[{"name":"Gamandeep Singh","title":"Developer & Blogger","url":"https://github.com/gamandeepsingh","image_url":"https://github.com/gamandeepsingh.png","imageURL":"https://github.com/gamandeepsingh.png"}],"tags":["blog"]},"unlisted":false,"prevItem":{"title":"Long Blog Post","permalink":"/blog/adding-blogs"},"nextItem":{"title":"Welcome to Pristine' Blog","permalink":"/blog/welcome"}},"content":"Adding blogs to my Docusaurus site was easy! Here’s how I did it..."},{"id":"welcome","metadata":{"permalink":"/blog/welcome","source":"@site/blog/2021-08-26-welcome/index.md","title":"Welcome to Pristine' Blog","description":"Welcome to the official Elanine Creatives' Blog! We are a team of passionate engineers working on innovative web solutions, UI components, and scalable architecture, focusing on building cutting-edge digital experiences.","date":"2021-08-26T00:00:00.000Z","tags":[{"inline":false,"label":"Facebook","permalink":"/blog/tags/facebook","description":"Facebook tag description"},{"inline":true,"label":"linkedIn","permalink":"/blog/tags/linked-in"}],"readingTime":1.195,"hasTruncateMarker":false,"authors":[{"name":"Utkarsh Goel","title":"Full Stack Engineer @Elanine","url":"https://elanine.com","page":{"permalink":"/blog/authors/all-sebastien-lorber-articles"},"socials":{"x":"https://x.com/utkarshgoel10","linkedin":"https://www.linkedin.com/in/utkarshgoel10/","github":"https://github.com/utkarshgoel10"},"imageURL":"https://avatars.githubusercontent.com/u/66838142?v=4","key":"utkarsh"},{"name":"Rohit Chaudhary","title":"Full Stack Engineer @Elanine","url":"https://github.com/rohitchoudhary09","page":{"permalink":"/blog/authors/rohit"},"socials":{"x":"https://x.com/rohitchoudhary09","github":"https://github.com/rohitchoudhary09"},"imageURL":"https://avatars.githubusercontent.com/u/116256043?v=4","key":"rohit"}],"frontMatter":{"slug":"welcome","title":"Welcome to Pristine' Blog","authors":["utkarsh","rohit"],"tags":["facebook","linkedIn"]},"unlisted":false,"prevItem":{"title":"Mdx Blog","permalink":"/blog/adding-blogs"}},"content":"Welcome to the official **Elanine Creatives' Blog**! We are a team of passionate engineers working on innovative web solutions, UI components, and scalable architecture, focusing on building cutting-edge digital experiences.\n\n[Know more about Pristine](/docs/category/getting-started).\n![Elanine Creatives Plushie](./Screenshot%20from%202024-09-23%2009-49-34.png)\n\nHere at Elanine Creatives, we specialize in **Full Stack Development**, crafting custom applications, and driving business impact through modern technology. Whether it's cloud computing, interactive UI, or efficient backend systems, our blog will cover everything from tutorials, updates on our projects, to insights into the latest in tech.\n\nOur blog is powered by **Docusaurus**, allowing us to document our journey, share best practices, and showcase our open-source contributions.\n\nStay tuned for upcoming posts from **Utkarsh Goel** and **Rohit Chaudhary**, where we’ll dive deeper into topics like **React**, **MERN Stack**, **DevOps**, and much more!\n\n### Latest Features and Tutorials\n1. Explore our **UI Components Library** — built to save you time on frontend development.\n2. Learn about our latest project on **Asset Management Services** — revolutionizing how businesses handle their resources.\n3. Tutorials on how to optimize your code for **scalability** and **performance**.\n\nThe blog supports tags as well!\n\n**And if you don't want a blog**: just delete this directory, and use `blog: false` in your Docusaurus config.\n\nBe sure to follow us on [GitHub](https://github.com/elanine-creatives) and [LinkedIn](https://www.linkedin.com/company/elanine-creatives/) for more updates!\n\n---\n\nRegular blog authors can be added to `authors.yml`, and you can browse our previous posts with tags and categories for easy navigation."}]}}