{"author":{"name":"Rohit Chaudhary","title":"Full Stack Engineer @Elanine","url":"https://github.com/rohitchoudhary09","page":{"permalink":"/blog/authors/rohit"},"socials":{"x":"https://x.com/rohitchoudhary09","github":"https://github.com/rohitchoudhary09"},"imageURL":"https://avatars.githubusercontent.com/u/116256043?v=4","key":"rohit","count":1},"listMetadata":{"permalink":"/blog/authors/rohit","page":1,"postsPerPage":10,"totalPages":1,"totalCount":1,"blogDescription":"Blog","blogTitle":"Blog"}}