{"authors":[{"name":"Rohit Chaudhary","title":"Full Stack Engineer @Elanine","url":"https://github.com/rohitchoudhary09","page":{"permalink":"/blog/authors/rohit"},"socials":{"x":"https://x.com/rohitchoudhary09","github":"https://github.com/rohitchoudhary09"},"imageURL":"https://avatars.githubusercontent.com/u/116256043?v=4","key":"rohit","count":1},{"name":"Utkarsh Goel","title":"Full Stack Engineer @Elanine","url":"https://elanine.com","page":{"permalink":"/blog/authors/all-sebastien-lorber-articles"},"socials":{"x":"https://x.com/utkarshgoel10","linkedin":"https://www.linkedin.com/in/utkarshgoel10/","github":"https://github.com/utkarshgoel10"},"imageURL":"https://avatars.githubusercontent.com/u/66838142?v=4","key":"utkarsh","count":1}]}