{"tags":[{"label":"Facebook","permalink":"/http://localhost:5173/blog/tags/facebook","description":"Facebook tag description","count":1},{"label":"Hello","permalink":"/http://localhost:5173/blog/tags/hello","description":"Hello tag description","count":2},{"label":"Docusaurus","permalink":"/http://localhost:5173/blog/tags/docusaurus","description":"Docusaurus tag description","count":4},{"label":"Hola","permalink":"/http://localhost:5173/blog/tags/hola","description":"Hola tag description","count":1}]}