{"author":{"name":"Yangshun Tay","title":"Front End Engineer @ Facebook","url":"https://github.com/yangshun","page":{"permalink":"/http://localhost:5173/blog/authors/yangshun"},"socials":{"x":"https://x.com/yangshunz","github":"https://github.com/yangshun"},"imageURL":"https://github.com/yangshun.png","key":"yangshun","count":3},"listMetadata":{"permalink":"/http://localhost:5173/blog/authors/yangshun","page":1,"postsPerPage":10,"totalPages":1,"totalCount":3,"blogDescription":"Blog","blogTitle":"Blog"}}