{"author":{"name":"Sébastien Lorber","title":"Docusaurus maintainer","url":"https://sebastienlorber.com","page":{"permalink":"/http://localhost:5173/blog/authors/all-sebastien-lorber-articles"},"socials":{"x":"https://x.com/sebastienlorber","linkedin":"https://www.linkedin.com/in/sebastienlorber/","github":"https://github.com/slorber","newsletter":"https://thisweekinreact.com"},"imageURL":"https://github.com/slorber.png","key":"slorber","count":3},"listMetadata":{"permalink":"/http://localhost:5173/blog/authors/all-sebastien-lorber-articles","page":1,"postsPerPage":10,"totalPages":1,"totalCount":3,"blogDescription":"Blog","blogTitle":"Blog"}}