{"authors":[{"name":"Yangshun Tay","title":"Front End Engineer @ Facebook","url":"https://github.com/yangshun","page":{"permalink":"/http://localhost:5173/blog/authors/yangshun"},"socials":{"x":"https://x.com/yangshunz","github":"https://github.com/yangshun"},"imageURL":"https://github.com/yangshun.png","key":"yangshun","count":3},{"name":"Sébastien Lorber","title":"Docusaurus maintainer","url":"https://sebastienlorber.com","page":{"permalink":"/http://localhost:5173/blog/authors/all-sebastien-lorber-articles"},"socials":{"x":"https://x.com/sebastienlorber","linkedin":"https://www.linkedin.com/in/sebastienlorber/","github":"https://github.com/slorber","newsletter":"https://thisweekinreact.com"},"imageURL":"https://github.com/slorber.png","key":"slorber","count":3}]}