{"version":{"pluginId":"default","version":"current","label":"Next","banner":null,"badge":false,"noIndex":false,"className":"docs-version-current","isLast":true,"docsSidebars":{"tutorialSidebar":[{"type":"category","label":"Getting Started","collapsible":true,"collapsed":true,"items":[{"type":"link","label":"Overview","href":"/docs/Getting Started/overview","docId":"Getting Started/overview","unlisted":false},{"type":"link","label":"Tutorial Intro","href":"/docs/Getting Started/intro","docId":"Getting Started/intro","unlisted":false},{"type":"link","label":"Installation","href":"/docs/Getting Started/installation","docId":"Getting Started/installation","unlisted":false},{"type":"link","label":"Usage Guide","href":"/docs/Getting Started/usage","docId":"Getting Started/usage","unlisted":false},{"type":"link","label":"FAQ","href":"/docs/Getting Started/faq","docId":"Getting Started/faq","unlisted":false}],"href":"/docs/category/getting-started"},{"type":"category","label":"Components","collapsible":true,"collapsed":true,"items":[{"type":"link","label":"Button","href":"/docs/Components/button","docId":"Components/button","unlisted":false},{"type":"link","label":"Alert","href":"/docs/Components/alert","docId":"Components/alert","unlisted":false},{"type":"link","label":"Card","href":"/docs/Components/card","docId":"Components/card","unlisted":false},{"type":"link","label":"Drawer","href":"/docs/Components/Drawer","docId":"Components/Drawer","unlisted":false},{"type":"link","label":"DropDown","href":"/docs/Components/DropDown","docId":"Components/DropDown","unlisted":false}],"href":"/docs/category/components"},{"type":"link","label":"Deploy your site","href":"/docs/deploy-your-site","docId":"deploy-your-site","unlisted":false},{"type":"link","label":"Congratulations!","href":"/docs/congratulations","docId":"congratulations","unlisted":false}]},"docs":{"Components/alert":{"id":"Components/alert","title":"Alert","description":"Import","sidebar":"tutorialSidebar"},"Components/button":{"id":"Components/button","title":"Button","description":"Import","sidebar":"tutorialSidebar"},"Components/card":{"id":"Components/card","title":"Card","description":"Import","sidebar":"tutorialSidebar"},"Components/Drawer":{"id":"Components/Drawer","title":"Drawer","description":"The Drawer component is a flexible UI element that slides in from a specified direction and displays content such as text, images, and buttons. It can be customized with various props for styling and behavior.","sidebar":"tutorialSidebar"},"Components/DropDown":{"id":"Components/DropDown","title":"DropDown","description":"The DropDown component is used to create a customizable dropdown menu with selectable options. Below is a breakdown of the props and how the component works.","sidebar":"tutorialSidebar"},"congratulations":{"id":"congratulations","title":"Congratulations!","description":"You have just learned the basics of Docusaurus and made some changes to the initial template.","sidebar":"tutorialSidebar"},"deploy-your-site":{"id":"deploy-your-site","title":"Deploy your site","description":"Docusaurus is a static-site-generator (also called Jamstack).","sidebar":"tutorialSidebar"},"Getting Started/faq":{"id":"Getting Started/faq","title":"FAQ","description":"Frequently Asked Questions","sidebar":"tutorialSidebar"},"Getting Started/installation":{"id":"Getting Started/installation","title":"Installation","description":"This guide will walk you through the process of installing and setting up Pristine UI in your project.","sidebar":"tutorialSidebar"},"Getting Started/intro":{"id":"Getting Started/intro","title":"Tutorial Intro","description":"Let's discover Pristine in less than 5 minutes.","sidebar":"tutorialSidebar"},"Getting Started/overview":{"id":"Getting Started/overview","title":"Overview","description":"What is Pristine?","sidebar":"tutorialSidebar"},"Getting Started/usage":{"id":"Getting Started/usage","title":"Usage Guide","description":"This guide demonstrates how to use various components from the Pristine UI library in your React application.","sidebar":"tutorialSidebar"}}}}