{"version":{"pluginId":"default","version":"current","label":"Next","banner":null,"badge":false,"noIndex":false,"className":"docs-version-current","isLast":true,"docsSidebars":{"tutorialSidebar":[{"type":"category","label":"Getting Started","collapsible":true,"collapsed":true,"items":[{"type":"link","label":"Overview","href":"/http://localhost:5173/docs/Getting Started/overview","docId":"Getting Started/overview","unlisted":false},{"type":"link","label":"Tutorial Intro","href":"/http://localhost:5173/docs/Getting Started/intro","docId":"Getting Started/intro","unlisted":false},{"type":"link","label":"Installation","href":"/http://localhost:5173/docs/Getting Started/installation","docId":"Getting Started/installation","unlisted":false},{"type":"link","label":"Usage Guide","href":"/http://localhost:5173/docs/Getting Started/usage","docId":"Getting Started/usage","unlisted":false},{"type":"link","label":"FAQ","href":"/http://localhost:5173/docs/Getting Started/faq","docId":"Getting Started/faq","unlisted":false}],"href":"/http://localhost:5173/docs/category/getting-started"},{"type":"category","label":"Components","collapsible":true,"collapsed":true,"items":[{"type":"link","label":"Button","href":"/http://localhost:5173/docs/Components/button","docId":"Components/button","unlisted":false},{"type":"link","label":"Create a Page","href":"/http://localhost:5173/docs/Components/create-a-page","docId":"Components/create-a-page","unlisted":false},{"type":"link","label":"Alert","href":"/http://localhost:5173/docs/Components/alert","docId":"Components/alert","unlisted":false},{"type":"link","label":"Create a Document","href":"/http://localhost:5173/docs/Components/create-a-document","docId":"Components/create-a-document","unlisted":false},{"type":"link","label":"Create a Blog Post","href":"/http://localhost:5173/docs/Components/create-a-blog-post","docId":"Components/create-a-blog-post","unlisted":false},{"type":"link","label":"Markdown Features","href":"/http://localhost:5173/docs/Components/markdown-features","docId":"Components/markdown-features","unlisted":false},{"type":"link","label":"Deploy your site","href":"/http://localhost:5173/docs/Components/deploy-your-site","docId":"Components/deploy-your-site","unlisted":false},{"type":"link","label":"Congratulations!","href":"/http://localhost:5173/docs/Components/congratulations","docId":"Components/congratulations","unlisted":false}],"href":"/http://localhost:5173/docs/category/components"},{"type":"category","label":"Tutorial - Extras","collapsible":true,"collapsed":true,"items":[{"type":"link","label":"Manage Docs Versions","href":"/http://localhost:5173/docs/tutorial-extras/manage-docs-versions","docId":"tutorial-extras/manage-docs-versions","unlisted":false},{"type":"link","label":"Translate your site","href":"/http://localhost:5173/docs/tutorial-extras/translate-your-site","docId":"tutorial-extras/translate-your-site","unlisted":false}],"href":"/http://localhost:5173/docs/category/tutorial---extras"}]},"docs":{"Components/alert":{"id":"Components/alert","title":"Alert","description":"","sidebar":"tutorialSidebar"},"Components/button":{"id":"Components/button","title":"Button","description":"Import","sidebar":"tutorialSidebar"},"Components/congratulations":{"id":"Components/congratulations","title":"Congratulations!","description":"You have just learned the basics of Docusaurus and made some changes to the initial template.","sidebar":"tutorialSidebar"},"Components/create-a-blog-post":{"id":"Components/create-a-blog-post","title":"Create a Blog Post","description":"Docusaurus creates a page for each blog post, but also a blog index page, a tag system, an RSS feed...","sidebar":"tutorialSidebar"},"Components/create-a-document":{"id":"Components/create-a-document","title":"Create a Document","description":"Documents are groups of pages connected through:","sidebar":"tutorialSidebar"},"Components/create-a-page":{"id":"Components/create-a-page","title":"Create a Page","description":"Add Markdown or React files to src/pages to create a standalone page:","sidebar":"tutorialSidebar"},"Components/deploy-your-site":{"id":"Components/deploy-your-site","title":"Deploy your site","description":"Docusaurus is a static-site-generator (also called Jamstack).","sidebar":"tutorialSidebar"},"Components/markdown-features":{"id":"Components/markdown-features","title":"Markdown Features","description":"Docusaurus supports Markdown and a few additional features.","sidebar":"tutorialSidebar"},"Getting Started/faq":{"id":"Getting Started/faq","title":"FAQ","description":"Frequently Asked Questions","sidebar":"tutorialSidebar"},"Getting Started/installation":{"id":"Getting Started/installation","title":"Installation","description":"This guide will walk you through the process of installing and setting up Pristine UI in your project.","sidebar":"tutorialSidebar"},"Getting Started/intro":{"id":"Getting Started/intro","title":"Tutorial Intro","description":"Let's discover Pristine in less than 5 minutes.","sidebar":"tutorialSidebar"},"Getting Started/overview":{"id":"Getting Started/overview","title":"Overview","description":"What is Pristine?","sidebar":"tutorialSidebar"},"Getting Started/usage":{"id":"Getting Started/usage","title":"Usage Guide","description":"This guide demonstrates how to use various components from the Pristine UI library in your React application.","sidebar":"tutorialSidebar"},"tutorial-extras/manage-docs-versions":{"id":"tutorial-extras/manage-docs-versions","title":"Manage Docs Versions","description":"Docusaurus can manage multiple versions of your docs.","sidebar":"tutorialSidebar"},"tutorial-extras/translate-your-site":{"id":"tutorial-extras/translate-your-site","title":"Translate your site","description":"Let's translate docs/intro.md to French.","sidebar":"tutorialSidebar"}}}}