{
  "title": "Recent posts",
  "items": [
    {
      "title": "First Blog",
      "permalink": "/blog/adding-blogs",
      "unlisted": false,
      "date": "2023-09-23T00:00:00.000Z"
    },
    {
      "title": "Long Blog Post",
      "permalink": "/blog/adding-blogs",
      "unlisted": false,
      "date": "2023-09-23T00:00:00.000Z"
    },
    {
      "title": "Mdx Blog",
      "permalink": "/blog/adding-blogs",
      "unlisted": false,
      "date": "2023-09-23T00:00:00.000Z"
    },
    {
      "title": "Welcome to Pristine' Blog",
      "permalink": "/blog/welcome",
      "unlisted": false,
      "date": "2021-08-26T00:00:00.000Z"
    }
  ]
}