{
  "permalink": "/blog/welcome",
  "source": "@site/blog/2021-08-26-welcome/index.md",
  "title": "Welcome to Pristine' Blog",
  "description": "Welcome to the official Elanine Creatives' Blog! We are a team of passionate engineers working on innovative web solutions, UI components, and scalable architecture, focusing on building cutting-edge digital experiences.",
  "date": "2021-08-26T00:00:00.000Z",
  "tags": [
    {
      "inline": false,
      "label": "Facebook",
      "permalink": "/blog/tags/facebook",
      "description": "Facebook tag description"
    },
    {
      "inline": true,
      "label": "linkedIn",
      "permalink": "/blog/tags/linked-in"
    }
  ],
  "readingTime": 1.195,
  "hasTruncateMarker": false,
  "authors": [
    {
      "name": "Utkarsh Goel",
      "title": "Full Stack Engineer @Elanine",
      "url": "https://elanine.com",
      "page": {
        "permalink": "/blog/authors/all-sebastien-lorber-articles"
      },
      "socials": {
        "x": "https://x.com/utkarshgoel10",
        "linkedin": "https://www.linkedin.com/in/utkarshgoel10/",
        "github": "https://github.com/utkarshgoel10"
      },
      "imageURL": "https://avatars.githubusercontent.com/u/66838142?v=4",
      "key": "utkarsh"
    },
    {
      "name": "Rohit Chaudhary",
      "title": "Full Stack Engineer @Elanine",
      "url": "https://github.com/rohitchoudhary09",
      "page": {
        "permalink": "/blog/authors/rohit"
      },
      "socials": {
        "x": "https://x.com/rohitchoudhary09",
        "github": "https://github.com/rohitchoudhary09"
      },
      "imageURL": "https://avatars.githubusercontent.com/u/116256043?v=4",
      "key": "rohit"
    }
  ],
  "frontMatter": {
    "slug": "welcome",
    "title": "Welcome to Pristine' Blog",
    "authors": [
      "utkarsh",
      "rohit"
    ],
    "tags": [
      "facebook",
      "linkedIn"
    ]
  },
  "unlisted": false,
  "prevItem": {
    "title": "Mdx Blog",
    "permalink": "/blog/adding-blogs"
  }
}