{
  "permalink": "/blog/adding-blogs",
  "source": "@site/blog/2019-05-29-long-blog-post.md",
  "title": "Long Blog Post",
  "description": "How I set up blogs on my Docusaurus site.",
  "date": "2023-09-23T00:00:00.000Z",
  "tags": [
    {
      "inline": true,
      "label": "blog",
      "permalink": "/blog/tags/blog"
    },
    {
      "inline": true,
      "label": "setup",
      "permalink": "/blog/tags/setup"
    }
  ],
  "readingTime": 0.065,
  "hasTruncateMarker": false,
  "authors": [
    {
      "name": "Gamandeep Singh",
      "title": "Developer & Blogger",
      "url": "https://github.com/gamandeepsingh",
      "image_url": "https://github.com/gamandeepsingh.png",
      "imageURL": "https://github.com/gamandeepsingh.png",
      "key": null,
      "page": null
    }
  ],
  "frontMatter": {
    "title": "Long Blog Post",
    "description": "How I set up blogs on my Docusaurus site.",
    "slug": "adding-blogs",
    "date": "2023-09-23T00:00:00.000Z",
    "authors": [
      {
        "name": "Gamandeep Singh",
        "title": "Developer & Blogger",
        "url": "https://github.com/gamandeepsingh",
        "image_url": "https://github.com/gamandeepsingh.png",
        "imageURL": "https://github.com/gamandeepsingh.png"
      }
    ],
    "tags": [
      "blog",
      "setup"
    ]
  },
  "unlisted": false,
  "prevItem": {
    "title": "First Blog",
    "permalink": "/blog/adding-blogs"
  },
  "nextItem": {
    "title": "Mdx Blog",
    "permalink": "/blog/adding-blogs"
  }
}