{"allContent":{"docusaurus-plugin-content-docs":{"default":{"loadedVersions":[{"versionName":"current","label":"Next","banner":null,"badge":false,"noIndex":false,"className":"docs-version-current","path":"/docs","tagsPath":"/docs/tags","editUrl":"https://github.com/elanine/docs","editUrlLocalized":"https://github.com/elanine/i18n/en/docusaurus-plugin-content-docs/current","isLast":true,"routePriority":-1,"sidebarFilePath":"/home/ghost/Desktop/elanine/PRISTINE-WEBSITE/pristine-docs/sidebars.js","contentPath":"/home/ghost/Desktop/elanine/PRISTINE-WEBSITE/pristine-docs/docs","contentPathLocalized":"/home/ghost/Desktop/elanine/PRISTINE-WEBSITE/pristine-docs/i18n/en/docusaurus-plugin-content-docs/current","docs":[{"id":"Components/alert","title":"Alert","description":"Import","source":"@site/docs/Components/alert.md","sourceDirName":"Components","slug":"/Components/alert","permalink":"/docs/Components/alert","draft":false,"unlisted":false,"editUrl":"https://github.com/elanine/docs/Components/alert.md","tags":[],"version":"current","sidebarPosition":2,"frontMatter":{"sidebar_position":2},"sidebar":"tutorialSidebar","previous":{"title":"Button","permalink":"/docs/Components/button"},"next":{"title":"Card","permalink":"/docs/Components/card"}},{"id":"Components/button","title":"Button","description":"Import","source":"@site/docs/Components/button.md","sourceDirName":"Components","slug":"/Components/button","permalink":"/docs/Components/button","draft":false,"unlisted":false,"editUrl":"https://github.com/elanine/docs/Components/button.md","tags":[],"version":"current","sidebarPosition":1,"frontMatter":{"sidebar_position":1},"sidebar":"tutorialSidebar","previous":{"title":"Components","permalink":"/docs/category/components"},"next":{"title":"Alert","permalink":"/docs/Components/alert"}},{"id":"Components/card","title":"Card","description":"Import","source":"@site/docs/Components/card.md","sourceDirName":"Components","slug":"/Components/card","permalink":"/docs/Components/card","draft":false,"unlisted":false,"editUrl":"https://github.com/elanine/docs/Components/card.md","tags":[],"version":"current","sidebarPosition":3,"frontMatter":{"sidebar_position":3},"sidebar":"tutorialSidebar","previous":{"title":"Alert","permalink":"/docs/Components/alert"},"next":{"title":"Drawer","permalink":"/docs/Components/Drawer"}},{"id":"Components/Drawer","title":"Drawer","description":"The Drawer component is a flexible UI element that slides in from a specified direction and displays content such as text, images, and buttons. It can be customized with various props for styling and behavior.","source":"@site/docs/Components/Drawer.md","sourceDirName":"Components","slug":"/Components/Drawer","permalink":"/docs/Components/Drawer","draft":false,"unlisted":false,"editUrl":"https://github.com/elanine/docs/Components/Drawer.md","tags":[],"version":"current","sidebarPosition":4,"frontMatter":{"sidebar_position":4},"sidebar":"tutorialSidebar","previous":{"title":"Card","permalink":"/docs/Components/card"},"next":{"title":"DropDown","permalink":"/docs/Components/DropDown"}},{"id":"Components/DropDown","title":"DropDown","description":"The DropDown component is used to create a customizable dropdown menu with selectable options. Below is a breakdown of the props and how the component works.","source":"@site/docs/Components/DropDown.md","sourceDirName":"Components","slug":"/Components/DropDown","permalink":"/docs/Components/DropDown","draft":false,"unlisted":false,"editUrl":"https://github.com/elanine/docs/Components/DropDown.md","tags":[],"version":"current","sidebarPosition":5,"frontMatter":{"sidebar_position":5},"sidebar":"tutorialSidebar","previous":{"title":"Drawer","permalink":"/docs/Components/Drawer"},"next":{"title":"Deploy your site","permalink":"/docs/deploy-your-site"}},{"id":"congratulations","title":"Congratulations!","description":"You have just learned the basics of Docusaurus and made some changes to the initial template.","source":"@site/docs/congratulations.md","sourceDirName":".","slug":"/congratulations","permalink":"/docs/congratulations","draft":false,"unlisted":false,"editUrl":"https://github.com/elanine/docs/congratulations.md","tags":[],"version":"current","sidebarPosition":5,"frontMatter":{"sidebar_position":5},"sidebar":"tutorialSidebar","previous":{"title":"Deploy your site","permalink":"/docs/deploy-your-site"}},{"id":"deploy-your-site","title":"Deploy your site","description":"Docusaurus is a static-site-generator (also called Jamstack).","source":"@site/docs/deploy-your-site.md","sourceDirName":".","slug":"/deploy-your-site","permalink":"/docs/deploy-your-site","draft":false,"unlisted":false,"editUrl":"https://github.com/elanine/docs/deploy-your-site.md","tags":[],"version":"current","sidebarPosition":4,"frontMatter":{"sidebar_position":4},"sidebar":"tutorialSidebar","previous":{"title":"DropDown","permalink":"/docs/Components/DropDown"},"next":{"title":"Congratulations!","permalink":"/docs/congratulations"}},{"id":"Getting Started/faq","title":"FAQ","description":"Frequently Asked Questions","source":"@site/docs/Getting Started/faq.md","sourceDirName":"Getting Started","slug":"/Getting Started/faq","permalink":"/docs/Getting Started/faq","draft":false,"unlisted":false,"editUrl":"https://github.com/elanine/docs/Getting Started/faq.md","tags":[],"version":"current","sidebarPosition":5,"frontMatter":{"sidebar_position":5},"sidebar":"tutorialSidebar","previous":{"title":"Usage Guide","permalink":"/docs/Getting Started/usage"},"next":{"title":"Components","permalink":"/docs/category/components"}},{"id":"Getting Started/installation","title":"Installation","description":"This guide will walk you through the process of installing and setting up Pristine UI in your project.","source":"@site/docs/Getting Started/installation.md","sourceDirName":"Getting Started","slug":"/Getting Started/installation","permalink":"/docs/Getting Started/installation","draft":false,"unlisted":false,"editUrl":"https://github.com/elanine/docs/Getting Started/installation.md","tags":[],"version":"current","sidebarPosition":3,"frontMatter":{"sidebar_position":3},"sidebar":"tutorialSidebar","previous":{"title":"Tutorial Intro","permalink":"/docs/Getting Started/intro"},"next":{"title":"Usage Guide","permalink":"/docs/Getting Started/usage"}},{"id":"Getting Started/intro","title":"Tutorial Intro","description":"Let's discover Pristine in less than 5 minutes.","source":"@site/docs/Getting Started/intro.md","sourceDirName":"Getting Started","slug":"/Getting Started/intro","permalink":"/docs/Getting Started/intro","draft":false,"unlisted":false,"editUrl":"https://github.com/elanine/docs/Getting Started/intro.md","tags":[],"version":"current","sidebarPosition":2,"frontMatter":{"sidebar_position":2},"sidebar":"tutorialSidebar","previous":{"title":"Overview","permalink":"/docs/Getting Started/overview"},"next":{"title":"Installation","permalink":"/docs/Getting Started/installation"}},{"id":"Getting Started/overview","title":"Overview","description":"What is Pristine?","source":"@site/docs/Getting Started/overview.md","sourceDirName":"Getting Started","slug":"/Getting Started/overview","permalink":"/docs/Getting Started/overview","draft":false,"unlisted":false,"editUrl":"https://github.com/elanine/docs/Getting Started/overview.md","tags":[],"version":"current","sidebarPosition":1,"frontMatter":{"sidebar_position":1},"sidebar":"tutorialSidebar","previous":{"title":"Getting Started","permalink":"/docs/category/getting-started"},"next":{"title":"Tutorial Intro","permalink":"/docs/Getting Started/intro"}},{"id":"Getting Started/usage","title":"Usage Guide","description":"This guide demonstrates how to use various components from the Pristine UI library in your React application.","source":"@site/docs/Getting Started/usage.md","sourceDirName":"Getting Started","slug":"/Getting Started/usage","permalink":"/docs/Getting Started/usage","draft":false,"unlisted":false,"editUrl":"https://github.com/elanine/docs/Getting Started/usage.md","tags":[],"version":"current","sidebarPosition":4,"frontMatter":{"sidebar_position":4},"sidebar":"tutorialSidebar","previous":{"title":"Installation","permalink":"/docs/Getting Started/installation"},"next":{"title":"FAQ","permalink":"/docs/Getting Started/faq"}}],"drafts":[],"sidebars":{"tutorialSidebar":[{"type":"category","label":"Getting Started","collapsible":true,"collapsed":true,"items":[{"type":"doc","id":"Getting Started/overview"},{"type":"doc","id":"Getting Started/intro"},{"type":"doc","id":"Getting Started/installation"},{"type":"doc","id":"Getting Started/usage"},{"type":"doc","id":"Getting Started/faq"}],"link":{"type":"generated-index","description":"Get started with Pristine UI quickly","slug":"/category/getting-started","permalink":"/docs/category/getting-started"}},{"type":"category","label":"Components","collapsible":true,"collapsed":true,"items":[{"type":"doc","id":"Components/button"},{"type":"doc","id":"Components/alert"},{"type":"doc","id":"Components/card"},{"type":"doc","id":"Components/Drawer"},{"type":"doc","id":"Components/DropDown"}],"link":{"type":"generated-index","description":"Components ","slug":"/category/components","permalink":"/docs/category/components"}},{"type":"doc","id":"deploy-your-site"},{"type":"doc","id":"congratulations"}]}}]}},"docusaurus-plugin-content-blog":{"default":{"blogSidebarTitle":"Recent posts","blogPosts":[{"id":"adding-blogs","metadata":{"permalink":"/blog/adding-blogs","source":"@site/blog/2019-05-28-first-blog-post.md","title":"First Blog","description":"How I set up blogs on my Docusaurus site.","date":"2023-09-23T00:00:00.000Z","tags":[{"inline":true,"label":"blog","permalink":"/blog/tags/blog"},{"inline":true,"label":"setup","permalink":"/blog/tags/setup"}],"readingTime":0.065,"hasTruncateMarker":false,"authors":[{"name":"Gamandeep Singh","title":"Developer & Blogger","url":"https://github.com/gamandeepsingh","image_url":"https://github.com/gamandeepsingh.png","imageURL":"https://github.com/gamandeepsingh.png","key":null,"page":null}],"frontMatter":{"title":"First Blog","description":"How I set up blogs on my Docusaurus site.","slug":"adding-blogs","date":"2023-09-23T00:00:00.000Z","authors":[{"name":"Gamandeep Singh","title":"Developer & Blogger","url":"https://github.com/gamandeepsingh","image_url":"https://github.com/gamandeepsingh.png","imageURL":"https://github.com/gamandeepsingh.png"}],"tags":["blog","setup"]},"unlisted":false,"nextItem":{"title":"Long Blog Post","permalink":"/blog/adding-blogs"}},"content":"Adding blogs to my Docusaurus site was easy! Here’s how I did it..."},{"id":"adding-blogs","metadata":{"permalink":"/blog/adding-blogs","source":"@site/blog/2019-05-29-long-blog-post.md","title":"Long Blog Post","description":"How I set up blogs on my Docusaurus site.","date":"2023-09-23T00:00:00.000Z","tags":[{"inline":true,"label":"blog","permalink":"/blog/tags/blog"},{"inline":true,"label":"setup","permalink":"/blog/tags/setup"}],"readingTime":0.065,"hasTruncateMarker":false,"authors":[{"name":"Gamandeep Singh","title":"Developer & Blogger","url":"https://github.com/gamandeepsingh","image_url":"https://github.com/gamandeepsingh.png","imageURL":"https://github.com/gamandeepsingh.png","key":null,"page":null}],"frontMatter":{"title":"Long Blog Post","description":"How I set up blogs on my Docusaurus site.","slug":"adding-blogs","date":"2023-09-23T00:00:00.000Z","authors":[{"name":"Gamandeep Singh","title":"Developer & Blogger","url":"https://github.com/gamandeepsingh","image_url":"https://github.com/gamandeepsingh.png","imageURL":"https://github.com/gamandeepsingh.png"}],"tags":["blog","setup"]},"unlisted":false,"prevItem":{"title":"First Blog","permalink":"/blog/adding-blogs"},"nextItem":{"title":"Mdx Blog","permalink":"/blog/adding-blogs"}},"content":"Adding blogs to my Docusaurus site was easy! Here’s how I did it..."},{"id":"adding-blogs","metadata":{"permalink":"/blog/adding-blogs","source":"@site/blog/2021-08-01-mdx-blog-post.mdx","title":"Mdx Blog","description":"How I set up blogs on my Docusaurus site.","date":"2023-09-23T00:00:00.000Z","tags":[{"inline":true,"label":"blog","permalink":"/blog/tags/blog"}],"readingTime":0.065,"hasTruncateMarker":false,"authors":[{"name":"Gamandeep Singh","title":"Developer & Blogger","url":"https://github.com/gamandeepsingh","image_url":"https://github.com/gamandeepsingh.png","imageURL":"https://github.com/gamandeepsingh.png","key":null,"page":null}],"frontMatter":{"title":"Mdx Blog","description":"How I set up blogs on my Docusaurus site.","slug":"adding-blogs","date":"2023-09-23T00:00:00.000Z","authors":[{"name":"Gamandeep Singh","title":"Developer & Blogger","url":"https://github.com/gamandeepsingh","image_url":"https://github.com/gamandeepsingh.png","imageURL":"https://github.com/gamandeepsingh.png"}],"tags":["blog"]},"unlisted":false,"prevItem":{"title":"Long Blog Post","permalink":"/blog/adding-blogs"},"nextItem":{"title":"Welcome to Pristine' Blog","permalink":"/blog/welcome"}},"content":"Adding blogs to my Docusaurus site was easy! Here’s how I did it..."},{"id":"welcome","metadata":{"permalink":"/blog/welcome","source":"@site/blog/2021-08-26-welcome/index.md","title":"Welcome to Pristine' Blog","description":"Welcome to the official Elanine Creatives' Blog! We are a team of passionate engineers working on innovative web solutions, UI components, and scalable architecture, focusing on building cutting-edge digital experiences.","date":"2021-08-26T00:00:00.000Z","tags":[{"inline":false,"label":"Facebook","permalink":"/blog/tags/facebook","description":"Facebook tag description"},{"inline":true,"label":"linkedIn","permalink":"/blog/tags/linked-in"}],"readingTime":1.195,"hasTruncateMarker":false,"authors":[{"name":"Utkarsh Goel","title":"Full Stack Engineer @Elanine","url":"https://elanine.com","page":{"permalink":"/blog/authors/all-sebastien-lorber-articles"},"socials":{"x":"https://x.com/utkarshgoel10","linkedin":"https://www.linkedin.com/in/utkarshgoel10/","github":"https://github.com/utkarshgoel10"},"imageURL":"https://avatars.githubusercontent.com/u/66838142?v=4","key":"utkarsh"},{"name":"Rohit Chaudhary","title":"Full Stack Engineer @Elanine","url":"https://github.com/rohitchoudhary09","page":{"permalink":"/blog/authors/rohit"},"socials":{"x":"https://x.com/rohitchoudhary09","github":"https://github.com/rohitchoudhary09"},"imageURL":"https://avatars.githubusercontent.com/u/116256043?v=4","key":"rohit"}],"frontMatter":{"slug":"welcome","title":"Welcome to Pristine' Blog","authors":["utkarsh","rohit"],"tags":["facebook","linkedIn"]},"unlisted":false,"prevItem":{"title":"Mdx Blog","permalink":"/blog/adding-blogs"}},"content":"Welcome to the official **Elanine Creatives' Blog**! We are a team of passionate engineers working on innovative web solutions, UI components, and scalable architecture, focusing on building cutting-edge digital experiences.\n\n[Know more about Pristine](/docs/category/getting-started).\n![Elanine Creatives Plushie](./Screenshot%20from%202024-09-23%2009-49-34.png)\n\nHere at Elanine Creatives, we specialize in **Full Stack Development**, crafting custom applications, and driving business impact through modern technology. Whether it's cloud computing, interactive UI, or efficient backend systems, our blog will cover everything from tutorials, updates on our projects, to insights into the latest in tech.\n\nOur blog is powered by **Docusaurus**, allowing us to document our journey, share best practices, and showcase our open-source contributions.\n\nStay tuned for upcoming posts from **Utkarsh Goel** and **Rohit Chaudhary**, where we’ll dive deeper into topics like **React**, **MERN Stack**, **DevOps**, and much more!\n\n### Latest Features and Tutorials\n1. Explore our **UI Components Library** — built to save you time on frontend development.\n2. Learn about our latest project on **Asset Management Services** — revolutionizing how businesses handle their resources.\n3. Tutorials on how to optimize your code for **scalability** and **performance**.\n\nThe blog supports tags as well!\n\n**And if you don't want a blog**: just delete this directory, and use `blog: false` in your Docusaurus config.\n\nBe sure to follow us on [GitHub](https://github.com/elanine-creatives) and [LinkedIn](https://www.linkedin.com/company/elanine-creatives/) for more updates!\n\n---\n\nRegular blog authors can be added to `authors.yml`, and you can browse our previous posts with tags and categories for easy navigation."}],"blogListPaginated":[{"items":["adding-blogs","adding-blogs","adding-blogs","welcome"],"metadata":{"permalink":"/blog","page":1,"postsPerPage":10,"totalPages":1,"totalCount":4,"blogDescription":"Blog","blogTitle":"Blog"}}],"blogTags":{"/blog/tags/blog":{"inline":true,"label":"blog","permalink":"/blog/tags/blog","items":["adding-blogs","adding-blogs","adding-blogs"],"pages":[{"items":["adding-blogs","adding-blogs","adding-blogs"],"metadata":{"permalink":"/blog/tags/blog","page":1,"postsPerPage":10,"totalPages":1,"totalCount":3,"blogDescription":"Blog","blogTitle":"Blog"}}],"unlisted":false},"/blog/tags/setup":{"inline":true,"label":"setup","permalink":"/blog/tags/setup","items":["adding-blogs","adding-blogs"],"pages":[{"items":["adding-blogs","adding-blogs"],"metadata":{"permalink":"/blog/tags/setup","page":1,"postsPerPage":10,"totalPages":1,"totalCount":2,"blogDescription":"Blog","blogTitle":"Blog"}}],"unlisted":false},"/blog/tags/facebook":{"inline":false,"label":"Facebook","permalink":"/blog/tags/facebook","description":"Facebook tag description","items":["welcome"],"pages":[{"items":["welcome"],"metadata":{"permalink":"/blog/tags/facebook","page":1,"postsPerPage":10,"totalPages":1,"totalCount":1,"blogDescription":"Blog","blogTitle":"Blog"}}],"unlisted":false},"/blog/tags/linked-in":{"inline":true,"label":"linkedIn","permalink":"/blog/tags/linked-in","items":["welcome"],"pages":[{"items":["welcome"],"metadata":{"permalink":"/blog/tags/linked-in","page":1,"postsPerPage":10,"totalPages":1,"totalCount":1,"blogDescription":"Blog","blogTitle":"Blog"}}],"unlisted":false}},"blogTagsListPath":"/blog/tags","authorsMap":{"rohit":{"name":"Rohit Chaudhary","title":"Full Stack Engineer @Elanine","url":"https://github.com/rohitchoudhary09","page":{"permalink":"/blog/authors/rohit"},"socials":{"x":"https://x.com/rohitchoudhary09","github":"https://github.com/rohitchoudhary09"},"imageURL":"https://avatars.githubusercontent.com/u/116256043?v=4","key":"rohit"},"utkarsh":{"name":"Utkarsh Goel","title":"Full Stack Engineer @Elanine","url":"https://elanine.com","page":{"permalink":"/blog/authors/all-sebastien-lorber-articles"},"socials":{"x":"https://x.com/utkarshgoel10","linkedin":"https://www.linkedin.com/in/utkarshgoel10/","github":"https://github.com/utkarshgoel10"},"imageURL":"https://avatars.githubusercontent.com/u/66838142?v=4","key":"utkarsh"}}}},"docusaurus-plugin-content-pages":{"default":[{"type":"jsx","permalink":"/","source":"@site/src/pages/index.js"},{"type":"mdx","permalink":"/markdown-page","source":"@site/src/pages/markdown-page.md","title":"Markdown page example","description":"You don't need React to write simple standalone pages.","frontMatter":{"title":"Markdown page example"},"unlisted":false}]},"docusaurus-plugin-debug":{},"docusaurus-theme-classic":{},"@easyops-cn/docusaurus-search-local":{},"docusaurus-theme-live-codeblock":{},"docusaurus-bootstrap-plugin":{},"docusaurus-mdx-fallback-plugin":{}}}