{
  "docusaurus-plugin-content-docs": {
    "default": {
      "path": "/docs",
      "versions": [
        {
          "name": "current",
          "label": "Next",
          "isLast": true,
          "path": "/docs",
          "mainDocId": "Getting Started/overview",
          "docs": [
            {
              "id": "Components/alert",
              "path": "/docs/Components/alert",
              "sidebar": "tutorialSidebar"
            },
            {
              "id": "Components/button",
              "path": "/docs/Components/button",
              "sidebar": "tutorialSidebar"
            },
            {
              "id": "Components/card",
              "path": "/docs/Components/card",
              "sidebar": "tutorialSidebar"
            },
            {
              "id": "Components/Drawer",
              "path": "/docs/Components/Drawer",
              "sidebar": "tutorialSidebar"
            },
            {
              "id": "Components/DropDown",
              "path": "/docs/Components/DropDown",
              "sidebar": "tutorialSidebar"
            },
            {
              "id": "congratulations",
              "path": "/docs/congratulations",
              "sidebar": "tutorialSidebar"
            },
            {
              "id": "deploy-your-site",
              "path": "/docs/deploy-your-site",
              "sidebar": "tutorialSidebar"
            },
            {
              "id": "Getting Started/faq",
              "path": "/docs/Getting Started/faq",
              "sidebar": "tutorialSidebar"
            },
            {
              "id": "Getting Started/installation",
              "path": "/docs/Getting Started/installation",
              "sidebar": "tutorialSidebar"
            },
            {
              "id": "Getting Started/intro",
              "path": "/docs/Getting Started/intro",
              "sidebar": "tutorialSidebar"
            },
            {
              "id": "Getting Started/overview",
              "path": "/docs/Getting Started/overview",
              "sidebar": "tutorialSidebar"
            },
            {
              "id": "Getting Started/usage",
              "path": "/docs/Getting Started/usage",
              "sidebar": "tutorialSidebar"
            },
            {
              "id": "/category/getting-started",
              "path": "/docs/category/getting-started",
              "sidebar": "tutorialSidebar"
            },
            {
              "id": "/category/components",
              "path": "/docs/category/components",
              "sidebar": "tutorialSidebar"
            }
          ],
          "draftIds": [],
          "sidebars": {
            "tutorialSidebar": {
              "link": {
                "path": "/docs/category/getting-started",
                "label": "Getting Started"
              }
            }
          }
        }
      ],
      "breadcrumbs": true
    }
  }
}