{
  "/blog-e1c": {
    "__comp": "a6aa9e1f",
    "__context": {
      "plugin": "36994c47"
    },
    "sidebar": "814f3328",
    "items": [
      {
        "content": "f4f34a3a"
      },
      {
        "content": "f4f34a3a"
      },
      {
        "content": "f4f34a3a"
      },
      {
        "content": "7661071f"
      }
    ],
    "__props": "c15d9823"
  },
  "/blog/adding-blogs-8d5": {
    "__comp": "ccc49370",
    "__context": {
      "data": {
        "blogMetadata": "acecf23e"
      },
      "plugin": "36994c47"
    },
    "sidebar": "814f3328",
    "content": "e273c56f"
  },
  "/blog/adding-blogs-661": {
    "__comp": "ccc49370",
    "__context": {
      "data": {
        "blogMetadata": "acecf23e"
      },
      "plugin": "36994c47"
    },
    "sidebar": "814f3328",
    "content": "73664a40"
  },
  "/blog/adding-blogs-eb6": {
    "__comp": "ccc49370",
    "__context": {
      "data": {
        "blogMetadata": "acecf23e"
      },
      "plugin": "36994c47"
    },
    "sidebar": "814f3328",
    "content": "59362658"
  },
  "/blog/archive-182": {
    "__comp": "9e4087bc",
    "__context": {
      "plugin": "36994c47"
    },
    "__props": "f81c1134"
  },
  "/blog/authors-0b7": {
    "__comp": "621db11d",
    "__context": {
      "data": {
        "blogMetadata": "acecf23e"
      },
      "plugin": "36994c47"
    },
    "sidebar": "814f3328",
    "__props": "ef8b811a"
  },
  "/blog/authors/all-sebastien-lorber-articles-0a8": {
    "__comp": "33fc5bb8",
    "__context": {
      "data": {
        "blogMetadata": "acecf23e"
      },
      "plugin": "36994c47"
    },
    "items": [
      {
        "content": "7661071f"
      }
    ],
    "sidebar": "814f3328",
    "__props": "c9c9bef8"
  },
  "/blog/authors/rohit-66a": {
    "__comp": "33fc5bb8",
    "__context": {
      "data": {
        "blogMetadata": "acecf23e"
      },
      "plugin": "36994c47"
    },
    "items": [
      {
        "content": "7661071f"
      }
    ],
    "sidebar": "814f3328",
    "__props": "d124efa5"
  },
  "/blog/tags-287": {
    "__comp": "01a85c17",
    "__context": {
      "plugin": "36994c47"
    },
    "sidebar": "814f3328",
    "__props": "3a2db09e"
  },
  "/blog/tags/blog-3f5": {
    "__comp": "6875c492",
    "__context": {
      "plugin": "36994c47"
    },
    "sidebar": "814f3328",
    "items": [
      {
        "content": "f4f34a3a"
      },
      {
        "content": "f4f34a3a"
      },
      {
        "content": "f4f34a3a"
      }
    ],
    "__props": "1562cf35"
  },
  "/blog/tags/facebook-858": {
    "__comp": "6875c492",
    "__context": {
      "plugin": "36994c47"
    },
    "sidebar": "814f3328",
    "items": [
      {
        "content": "7661071f"
      }
    ],
    "__props": "e5aefb32"
  },
  "/blog/tags/linked-in-8b7": {
    "__comp": "6875c492",
    "__context": {
      "plugin": "36994c47"
    },
    "sidebar": "814f3328",
    "items": [
      {
        "content": "7661071f"
      }
    ],
    "__props": "1487df9b"
  },
  "/blog/tags/setup-8b4": {
    "__comp": "6875c492",
    "__context": {
      "plugin": "36994c47"
    },
    "sidebar": "814f3328",
    "items": [
      {
        "content": "f4f34a3a"
      },
      {
        "content": "f4f34a3a"
      }
    ],
    "__props": "9da71520"
  },
  "/blog/welcome-d2b": {
    "__comp": "ccc49370",
    "__context": {
      "data": {
        "blogMetadata": "acecf23e"
      },
      "plugin": "36994c47"
    },
    "sidebar": "814f3328",
    "content": "d9f32620"
  },
  "/markdown-page-3d7": {
    "__comp": "1f391b9e",
    "__context": {
      "plugin": "a7456010"
    },
    "content": "393be207"
  },
  "/search-822": {
    "__comp": "1a4e3797",
    "__context": {
      "plugin": "138e0e15"
    }
  },
  "/docs-600": {
    "__comp": "5e95c892",
    "__context": {
      "plugin": "aba21aa0"
    }
  },
  "/docs-8dd": {
    "__comp": "a7bd4aaa",
    "__props": "0058b4c6"
  },
  "/docs-810": {
    "__comp": "a94703ab"
  },
  "/docs/category/components-84a": {
    "__comp": "14eb3368",
    "__props": "4f2b2ca4"
  },
  "/docs/category/getting-started-4e8": {
    "__comp": "14eb3368",
    "__props": "c260b502"
  },
  "/docs/Components/alert-84c": {
    "__comp": "17896441",
    "content": "898b92f4"
  },
  "/docs/Components/button-4fa": {
    "__comp": "17896441",
    "content": "a9b6bbe3"
  },
  "/docs/Components/card-ff1": {
    "__comp": "17896441",
    "content": "5c9f6de7"
  },
  "/docs/Components/Drawer-737": {
    "__comp": "17896441",
    "content": "84dfaf23"
  },
  "/docs/Components/DropDown-db2": {
    "__comp": "17896441",
    "content": "e7dfb115"
  },
  "/docs/congratulations-966": {
    "__comp": "17896441",
    "content": "3adc8aa2"
  },
  "/docs/deploy-your-site-976": {
    "__comp": "17896441",
    "content": "495fcee4"
  },
  "/docs/Getting Started/faq-738": {
    "__comp": "17896441",
    "content": "6fe7b6c0"
  },
  "/docs/Getting Started/installation-4a1": {
    "__comp": "17896441",
    "content": "f7a3af2e"
  },
  "/docs/Getting Started/intro-477": {
    "__comp": "17896441",
    "content": "4e69fc3e"
  },
  "/docs/Getting Started/overview-988": {
    "__comp": "17896441",
    "content": "fc4a73d0"
  },
  "/docs/Getting Started/usage-d82": {
    "__comp": "17896441",
    "content": "eb849244"
  },
  "/-2e1": {
    "__comp": "c4f5d8e4",
    "__context": {
      "plugin": "a7456010"
    },
    "config": "5e9f5e1a"
  }
}