{
  "id": "Components/Drawe",
  "title": "Drawe",
  "description": "",
  "source": "@site/docs/Components/Drawe.md",
  "sourceDirName": "Components",
  "slug": "/Components/Drawe",
  "permalink": "/docs/Components/Drawe",
  "draft": false,
  "unlisted": false,
  "editUrl": "https://github.com/elanine/docs/Components/Drawe.md",
  "tags": [],
  "version": "current",
  "frontMatter": {},
  "sidebar": "tutorialSidebar",
  "previous": {
    "title": "Congratulations!",
    "permalink": "/docs/Components/congratulations"
  },
  "next": {
    "title": "Tutorial - Extras",
    "permalink": "/docs/category/tutorial---extras"
  }
}