{
  "id": "getting-started/intro",
  "title": "Tutorial Intro",
  "description": "Let's discover Pristine in less than 5 minutes.",
  "source": "@site/docs/getting-started/intro.md",
  "sourceDirName": "getting-started",
  "slug": "/getting-started/intro",
  "permalink": "/docs/getting-started/intro",
  "draft": false,
  "unlisted": false,
  "editUrl": "https://github.com/facebook/pristine/tree/main/packages/create-pristine/templates/shared/docs/getting-started/intro.md",
  "tags": [],
  "version": "current",
  "sidebarPosition": 2,
  "frontMatter": {
    "sidebar_position": 2
  },
  "sidebar": "tutorialSidebar",
  "previous": {
    "title": "Overview",
    "permalink": "/docs/getting-started/overview"
  }
}