{
  "id": "Components/Drawer",
  "title": "Drawer",
  "description": "The Drawer component is a flexible UI element that slides in from a specified direction and displays content such as text, images, and buttons. It can be customized with various props for styling and behavior.",
  "source": "@site/docs/Components/Drawer.md",
  "sourceDirName": "Components",
  "slug": "/Components/Drawer",
  "permalink": "/docs/Components/Drawer",
  "draft": false,
  "unlisted": false,
  "editUrl": "https://github.com/elanine/docs/Components/Drawer.md",
  "tags": [],
  "version": "current",
  "sidebarPosition": 4,
  "frontMatter": {
    "sidebar_position": 4
  },
  "sidebar": "tutorialSidebar",
  "previous": {
    "title": "Card",
    "permalink": "/docs/Components/card"
  },
  "next": {
    "title": "DropDown",
    "permalink": "/docs/Components/DropDown"
  }
}