{
  "id": "Components/create-a-blog-post",
  "title": "Create a Blog Post",
  "description": "Docusaurus creates a page for each blog post, but also a blog index page, a tag system, an RSS feed...",
  "source": "@site/docs/Components/create-a-blog-post.md",
  "sourceDirName": "Components",
  "slug": "/Components/create-a-blog-post",
  "permalink": "/docs/Components/create-a-blog-post",
  "draft": false,
  "unlisted": false,
  "editUrl": "https://github.com/elanine/docs/Components/create-a-blog-post.md",
  "tags": [],
  "version": "current",
  "sidebarPosition": 3,
  "frontMatter": {
    "sidebar_position": 3
  },
  "sidebar": "tutorialSidebar",
  "previous": {
    "title": "Card",
    "permalink": "/docs/Components/card"
  },
  "next": {
    "title": "Drawer",
    "permalink": "/docs/Components/Drawer"
  }
}