{
  "id": "Components/card",
  "title": "Card",
  "description": "Import",
  "source": "@site/docs/Components/card.md",
  "sourceDirName": "Components",
  "slug": "/Components/card",
  "permalink": "/docs/Components/card",
  "draft": false,
  "unlisted": false,
  "editUrl": "https://github.com/elanine/docs/Components/card.md",
  "tags": [],
  "version": "current",
  "sidebarPosition": 3,
  "frontMatter": {
    "sidebar_position": 3
  },
  "sidebar": "tutorialSidebar",
  "previous": {
    "title": "Alert",
    "permalink": "/docs/Components/alert"
  },
  "next": {
    "title": "Drawer",
    "permalink": "/docs/Components/Drawer"
  }
}