{
  "id": "Components/deploy-your-site",
  "title": "Deploy your site",
  "description": "Docusaurus is a static-site-generator (also called Jamstack).",
  "source": "@site/docs/Components/deploy-your-site.md",
  "sourceDirName": "Components",
  "slug": "/Components/deploy-your-site",
  "permalink": "/docs/Components/deploy-your-site",
  "draft": false,
  "unlisted": false,
  "editUrl": "https://github.com/elanine/docs/Components/deploy-your-site.md",
  "tags": [],
  "version": "current",
  "sidebarPosition": 6,
  "frontMatter": {
    "sidebar_position": 6
  },
  "sidebar": "tutorialSidebar",
  "previous": {
    "title": "DropDown",
    "permalink": "/docs/Components/DropDown"
  },
  "next": {
    "title": "Congratulations!",
    "permalink": "/docs/Components/congratulations"
  }
}