{
  "id": "intro",
  "title": "Tutorial Intro",
  "description": "Let's discover Pristine in less than 5 minutes.",
  "source": "@site/docs/intro.md",
  "sourceDirName": ".",
  "slug": "/intro",
  "permalink": "/docs/intro",
  "draft": false,
  "unlisted": false,
  "editUrl": "https://github.com/facebook/pristine/tree/main/packages/create-pristine/templates/shared/docs/intro.md",
  "tags": [],
  "version": "current",
  "sidebarPosition": 2,
  "frontMatter": {
    "sidebar_position": 2
  },
  "sidebar": "tutorialSidebar",
  "next": {
    "title": "Tutorial - Basics",
    "permalink": "/docs/category/tutorial---basics"
  }
}