{
  "id": "Getting Started/usage",
  "title": "Usage Guide",
  "description": "This guide demonstrates how to use various components from the Pristine UI library in your React application.",
  "source": "@site/docs/Getting Started/usage.md",
  "sourceDirName": "Getting Started",
  "slug": "/Getting Started/usage",
  "permalink": "/docs/Getting Started/usage",
  "draft": false,
  "unlisted": false,
  "editUrl": "https://github.com/elanine/docs/Getting Started/usage.md",
  "tags": [],
  "version": "current",
  "sidebarPosition": 4,
  "frontMatter": {
    "sidebar_position": 4
  },
  "sidebar": "tutorialSidebar",
  "previous": {
    "title": "Installation",
    "permalink": "/docs/Getting Started/installation"
  },
  "next": {
    "title": "FAQ",
    "permalink": "/docs/Getting Started/faq"
  }
}