{
  "id": "congratulations",
  "title": "Congratulations!",
  "description": "You have just learned the basics of Docusaurus and made some changes to the initial template.",
  "source": "@site/docs/congratulations.md",
  "sourceDirName": ".",
  "slug": "/congratulations",
  "permalink": "/docs/congratulations",
  "draft": false,
  "unlisted": false,
  "editUrl": "https://github.com/elanine/docs/congratulations.md",
  "tags": [],
  "version": "current",
  "sidebarPosition": 5,
  "frontMatter": {
    "sidebar_position": 5
  },
  "sidebar": "tutorialSidebar",
  "previous": {
    "title": "Deploy your site",
    "permalink": "/docs/deploy-your-site"
  }
}