{
  "id": "Components/alert",
  "title": "Alert",
  "description": "Import",
  "source": "@site/docs/Components/alert.md",
  "sourceDirName": "Components",
  "slug": "/Components/alert",
  "permalink": "/docs/Components/alert",
  "draft": false,
  "unlisted": false,
  "editUrl": "https://github.com/elanine/docs/Components/alert.md",
  "tags": [],
  "version": "current",
  "sidebarPosition": 2,
  "frontMatter": {
    "sidebar_position": 2
  },
  "sidebar": "tutorialSidebar",
  "previous": {
    "title": "Button",
    "permalink": "/docs/Components/button"
  },
  "next": {
    "title": "Card",
    "permalink": "/docs/Components/card"
  }
}