{
  "id": "getting-started/overview",
  "title": "Overview",
  "description": "What is Pristine?",
  "source": "@site/docs/getting-started/overview.md",
  "sourceDirName": "getting-started",
  "slug": "/getting-started/overview",
  "permalink": "/docs/getting-started/overview",
  "draft": false,
  "unlisted": false,
  "editUrl": "https://github.com/facebook/pristine/tree/main/packages/create-pristine/templates/shared/docs/getting-started/overview.md",
  "tags": [],
  "version": "current",
  "sidebarPosition": 1,
  "frontMatter": {
    "sidebar_position": 1
  },
  "sidebar": "tutorialSidebar",
  "previous": {
    "title": "Translate your site",
    "permalink": "/docs/tutorial-extras/translate-your-site"
  },
  "next": {
    "title": "Tutorial Intro",
    "permalink": "/docs/getting-started/intro"
  }
}