{
  "id": "Components/DropDown",
  "title": "DropDown",
  "description": "The DropDown component is used to create a customizable dropdown menu with selectable options. Below is a breakdown of the props and how the component works.",
  "source": "@site/docs/Components/DropDown.md",
  "sourceDirName": "Components",
  "slug": "/Components/DropDown",
  "permalink": "/docs/Components/DropDown",
  "draft": false,
  "unlisted": false,
  "editUrl": "https://github.com/elanine/docs/Components/DropDown.md",
  "tags": [],
  "version": "current",
  "sidebarPosition": 5,
  "frontMatter": {
    "sidebar_position": 5
  },
  "sidebar": "tutorialSidebar",
  "previous": {
    "title": "Drawer",
    "permalink": "/docs/Components/Drawer"
  },
  "next": {
    "title": "Deploy your site",
    "permalink": "/docs/deploy-your-site"
  }
}