{
  "id": "Getting Started/overview",
  "title": "Overview",
  "description": "What is Pristine?",
  "source": "@site/docs/Getting Started/overview.md",
  "sourceDirName": "Getting Started",
  "slug": "/Getting Started/overview",
  "permalink": "/docs/Getting Started/overview",
  "draft": false,
  "unlisted": false,
  "editUrl": "https://github.com/elanine/docs/Getting Started/overview.md",
  "tags": [],
  "version": "current",
  "sidebarPosition": 1,
  "frontMatter": {
    "sidebar_position": 1
  },
  "sidebar": "tutorialSidebar",
  "previous": {
    "title": "Getting Started",
    "permalink": "/docs/category/getting-started"
  },
  "next": {
    "title": "Tutorial Intro",
    "permalink": "/docs/Getting Started/intro"
  }
}