{
  "id": "Components/create-a-page",
  "title": "Create a Page",
  "description": "Add Markdown or React files to src/pages to create a standalone page:",
  "source": "@site/docs/Components/create-a-page.md",
  "sourceDirName": "Components",
  "slug": "/Components/create-a-page",
  "permalink": "/docs/Components/create-a-page",
  "draft": false,
  "unlisted": false,
  "editUrl": "https://github.com/elanine/docs/Components/create-a-page.md",
  "tags": [],
  "version": "current",
  "sidebarPosition": 1,
  "frontMatter": {
    "sidebar_position": 1
  },
  "sidebar": "tutorialSidebar",
  "previous": {
    "title": "Button",
    "permalink": "/docs/Components/button"
  },
  "next": {
    "title": "Alert",
    "permalink": "/docs/Components/alert"
  }
}