{
  "id": "Components/congratulations",
  "title": "Congratulations!",
  "description": "You have just learned the basics of Docusaurus and made some changes to the initial template.",
  "source": "@site/docs/Components/congratulations.md",
  "sourceDirName": "Components",
  "slug": "/Components/congratulations",
  "permalink": "/docs/Components/congratulations",
  "draft": false,
  "unlisted": false,
  "editUrl": "https://github.com/elanine/docs/Components/congratulations.md",
  "tags": [],
  "version": "current",
  "sidebarPosition": 7,
  "frontMatter": {
    "sidebar_position": 7
  },
  "sidebar": "tutorialSidebar",
  "previous": {
    "title": "DropDown",
    "permalink": "/docs/Components/DropDown"
  },
  "next": {
    "title": "Tutorial - Extras",
    "permalink": "/docs/category/tutorial---extras"
  }
}