{
  "id": "Getting Started/installation",
  "title": "Installation",
  "description": "This guide will walk you through the process of installing and setting up Pristine UI in your project.",
  "source": "@site/docs/Getting Started/installation.md",
  "sourceDirName": "Getting Started",
  "slug": "/Getting Started/installation",
  "permalink": "/docs/Getting Started/installation",
  "draft": false,
  "unlisted": false,
  "editUrl": "https://github.com/elanine/docs/Getting Started/installation.md",
  "tags": [],
  "version": "current",
  "sidebarPosition": 3,
  "frontMatter": {
    "sidebar_position": 3
  },
  "sidebar": "tutorialSidebar",
  "previous": {
    "title": "Tutorial Intro",
    "permalink": "/docs/Getting Started/intro"
  },
  "next": {
    "title": "Usage Guide",
    "permalink": "/docs/Getting Started/usage"
  }
}