{
  "id": "Getting Started/intro",
  "title": "Tutorial Intro",
  "description": "Let's discover Pristine in less than 5 minutes.",
  "source": "@site/docs/Getting Started/intro.md",
  "sourceDirName": "Getting Started",
  "slug": "/Getting Started/intro",
  "permalink": "/docs/Getting Started/intro",
  "draft": false,
  "unlisted": false,
  "editUrl": "https://github.com/elanine/docs/Getting Started/intro.md",
  "tags": [],
  "version": "current",
  "sidebarPosition": 2,
  "frontMatter": {
    "sidebar_position": 2
  },
  "sidebar": "tutorialSidebar",
  "previous": {
    "title": "Overview",
    "permalink": "/docs/Getting Started/overview"
  },
  "next": {
    "title": "Installation",
    "permalink": "/docs/Getting Started/installation"
  }
}