{
  "id": "Getting Started/faq",
  "title": "FAQ",
  "description": "Frequently Asked Questions",
  "source": "@site/docs/Getting Started/faq.md",
  "sourceDirName": "Getting Started",
  "slug": "/Getting Started/faq",
  "permalink": "/docs/Getting Started/faq",
  "draft": false,
  "unlisted": false,
  "editUrl": "https://github.com/elanine/docs/Getting Started/faq.md",
  "tags": [],
  "version": "current",
  "sidebarPosition": 5,
  "frontMatter": {
    "sidebar_position": 5
  },
  "sidebar": "tutorialSidebar",
  "previous": {
    "title": "Usage Guide",
    "permalink": "/docs/Getting Started/usage"
  },
  "next": {
    "title": "Components",
    "permalink": "/docs/category/components"
  }
}