{
  "id": "Components/markdown-features",
  "title": "Markdown Features",
  "description": "Docusaurus supports Markdown and a few additional features.",
  "source": "@site/docs/Components/markdown-features.mdx",
  "sourceDirName": "Components",
  "slug": "/Components/markdown-features",
  "permalink": "/docs/Components/markdown-features",
  "draft": false,
  "unlisted": false,
  "editUrl": "https://github.com/elanine/docs/Components/markdown-features.mdx",
  "tags": [],
  "version": "current",
  "sidebarPosition": 4,
  "frontMatter": {
    "sidebar_position": 4
  },
  "sidebar": "tutorialSidebar",
  "previous": {
    "title": "Drawer",
    "permalink": "/docs/Components/Drawer"
  },
  "next": {
    "title": "DropDown",
    "permalink": "/docs/Components/DropDown"
  }
}