{
  "id": "Components/create-a-document",
  "title": "Create a Document",
  "description": "Documents are groups of pages connected through:",
  "source": "@site/docs/Components/create-a-document.md",
  "sourceDirName": "Components",
  "slug": "/Components/create-a-document",
  "permalink": "/docs/Components/create-a-document",
  "draft": false,
  "unlisted": false,
  "editUrl": "https://github.com/elanine/docs/Components/create-a-document.md",
  "tags": [],
  "version": "current",
  "sidebarPosition": 2,
  "frontMatter": {
    "sidebar_position": 2
  },
  "sidebar": "tutorialSidebar",
  "previous": {
    "title": "Alert",
    "permalink": "/docs/Components/alert"
  },
  "next": {
    "title": "Card",
    "permalink": "/docs/Components/card"
  }
}