{
  "id": "overview",
  "title": "Overview",
  "description": "What is Pristine?",
  "source": "@site/docs/overview.md",
  "sourceDirName": ".",
  "slug": "/overview",
  "permalink": "/docs/overview",
  "draft": false,
  "unlisted": false,
  "editUrl": "https://github.com/facebook/pristine/tree/main/packages/create-pristine/templates/shared/docs/overview.md",
  "tags": [],
  "version": "current",
  "sidebarPosition": 1,
  "frontMatter": {
    "sidebar_position": 1
  },
  "sidebar": "tutorialSidebar",
  "next": {
    "title": "Tutorial Intro",
    "permalink": "/docs/intro"
  }
}