{
  "id": "Components/button",
  "title": "Button",
  "description": "Import",
  "source": "@site/docs/Components/button.md",
  "sourceDirName": "Components",
  "slug": "/Components/button",
  "permalink": "/docs/Components/button",
  "draft": false,
  "unlisted": false,
  "editUrl": "https://github.com/elanine/docs/Components/button.md",
  "tags": [],
  "version": "current",
  "sidebarPosition": 1,
  "frontMatter": {
    "sidebar_position": 1
  },
  "sidebar": "tutorialSidebar",
  "previous": {
    "title": "Components",
    "permalink": "/docs/category/components"
  },
  "next": {
    "title": "Alert",
    "permalink": "/docs/Components/alert"
  }
}